[
    {
        "id": 1,
        "name": "Decibel 1",

        "applications": [
            {
                "id": 1.1,
                "name": "App 1"
            },
            {
                "id": 1.2,
                "name": "App 2"
            }
        ]
    },

    {
        "id": 2,
        "name": "Decibel 2",

        "applications": [
            {
                "id": 2.1,
                "name": "App 3"
            },
            {
                "id": 2.1,
                "name": "App 4"
            }
        ]
    }

]